{"name":"62a0e565-3225-490c-aa50-7eaa7e5d7303","id":"/providers/Microsoft.Flow/flows/62a0e565-3225-490c-aa50-7eaa7e5d7303","type":"Microsoft.Flow/flows","properties":{"apiId":"/providers/Microsoft.PowerApps/apis/shared_logicflows","displayName":"Part 1 cbot","definition":{"$schema":"https://schema.management.azure.com/providers/Microsoft.Logic/schemas/2016-06-01/workflowdefinition.json#","contentVersion":"1.0.0.0","parameters":{"$connections":{"defaultValue":{},"type":"Object"},"$authentication":{"defaultValue":{},"type":"SecureObject"}},"triggers":{"When_a_new_response_is_submitted":{"splitOn":"@triggerOutputs()?['body/value']","type":"OpenApiConnectionWebhook","inputs":{"host":{"connectionName":"shared_microsoftforms","operationId":"CreateFormWebhook","apiId":"/providers/Microsoft.PowerApps/apis/shared_microsoftforms"},"parameters":{"form_id":"52uHx5IiEk28eFcbVuhS2Ra9qtsp979HldTXEQAN8UhUNEdVR0YyRzRQNjRJVzY3VDZNWVVZNzhEOS4u"},"authentication":"@parameters('$authentication')"}}},"actions":{"Get_response_details":{"runAfter":{},"type":"OpenApiConnection","inputs":{"host":{"connectionName":"shared_microsoftforms","operationId":"GetFormResponseById","apiId":"/providers/Microsoft.PowerApps/apis/shared_microsoftforms"},"parameters":{"form_id":"52uHx5IiEk28eFcbVuhS2Ra9qtsp979HldTXEQAN8UhUNEdVR0YyRzRQNjRJVzY3VDZNWVVZNzhEOS4u","response_id":"@triggerOutputs()?['body/resourceData/responseId']"},"authentication":"@parameters('$authentication')"}},"Condition":{"actions":{"Send_an_email_notification_(V3)":{"runAfter":{},"type":"OpenApiConnection","inputs":{"host":{"connectionName":"shared_sendmail","operationId":"SendEmailV3","apiId":"/providers/Microsoft.PowerApps/apis/shared_sendmail"},"parameters":{"request/to":"@{outputs('Get_response_details')?['body/r644dbd3c48844d26845a75dd8ca0a595']};","request/subject":"To schedule an interview","request/text":"<p>I would like you to please take the interview of @{outputs('Get_response_details')?['body/r6654c8a676ad4fc0b4a116b2ac791c61']} on @{outputs('Get_response_details')?['body/r762513459a674e308f48ab0eb680a4c4']}.<br>\nPlease click on this link to chat with the interview scheduling bot and schedule the interview &nbsp;https://powerva.microsoft.com/canvas?cci_bot_id=2a4fe5be-752f-46ce-ae34-c71c8c75b33a&amp;cci_tenant_id=c7876be7-2292-4d12-bc78-571b56e852d9&nbsp;</p>"},"authentication":"@parameters('$authentication')"}}},"runAfter":{"Get_response_details":["Succeeded"]},"expression":{"not":{"equals":["@triggerOutputs()?['body/resourceData/responseId']","anonymous"]}},"type":"If"}},"outputs":{},"description":"When a new response is submitted in Microsoft Forms, send an email to the responder about receiving the response."},"connectionReferences":{"shared_microsoftforms":{"connectionName":"shared-microsoftform-779b7ca3-2421-4d4c-b7a4-e1d3-be7d1640","source":"Embedded","id":"/providers/Microsoft.PowerApps/apis/shared_microsoftforms","tier":"NotSpecified"},"shared_sendmail":{"connectionName":"shared-sendmail-732325e4-d079-4c4d-bfb0-65d6-f1571063","source":"Embedded","id":"/providers/Microsoft.PowerApps/apis/shared_sendmail","tier":"NotSpecified"}},"flowFailureAlertSubscribed":false}}