{"name":"56865840-d5a5-46bc-8ea0-a7d9d67ade85","id":"/providers/Microsoft.Flow/flows/56865840-d5a5-46bc-8ea0-a7d9d67ade85","type":"Microsoft.Flow/flows","properties":{"apiId":"/providers/Microsoft.PowerApps/apis/shared_logicflows","displayName":"Final Flow","definition":{"$schema":"https://schema.management.azure.com/providers/Microsoft.Logic/schemas/2016-06-01/workflowdefinition.json#","contentVersion":"1.0.0.0","parameters":{"$connections":{"defaultValue":{},"type":"Object"},"$authentication":{"defaultValue":{},"type":"SecureObject"}},"triggers":{"manual":{"type":"Request","kind":"VirtualAgent","inputs":{"schema":{"type":"object","properties":{},"required":[]}}}},"actions":{"Initialize_variable":{"runAfter":{},"type":"InitializeVariable","inputs":{"variables":[{"name":"IDvar","type":"array","value":[]}]}},"List_rows_present_in_a_table":{"runAfter":{"Initialize_variable":["Succeeded"]},"metadata":{"01IXA6DK4WEGEHGPSBJFGKWEAISP55VNCN":"/version3.xlsx","tableId":"{86E1B199-EDFD-4DE2-9AC7-BCFAC2C9A4C2}","01IXA6DK2MRLU4ZP5TGNALS2AFVOB3Z6QX":"/version6.xlsx","01IXA6DK4MXYHRF5DUOZAL72KFK6OIEL57":"/version7.xlsx","01IXA6DK2ZLTDW6APYYZHKPNL6XRXLDE7Y":"/Final form.xlsx"},"type":"OpenApiConnection","inputs":{"host":{"connectionName":"shared_excelonlinebusiness","operationId":"GetItems","apiId":"/providers/Microsoft.PowerApps/apis/shared_excelonlinebusiness"},"parameters":{"source":"me","drive":"b!d8sG4H_CzEeRxn3zSn1ziddb67T3uSdDqlrDAoNWJAB23-Oh2T-4QLZkBrodfaHt","file":"01IXA6DK2ZLTDW6APYYZHKPNL6XRXLDE7Y","table":"{86E1B199-EDFD-4DE2-9AC7-BCFAC2C9A4C2}"},"authentication":"@parameters('$authentication')"}},"Apply_to_each":{"foreach":"@outputs('List_rows_present_in_a_table')?['body/value']","actions":{"Condition":{"actions":{"Append_to_array_variable":{"runAfter":{},"type":"AppendToArrayVariable","inputs":{"name":"IDvar","value":"@items('Apply_to_each')?['ID']"}}},"runAfter":{},"expression":{"not":{"equals":["@items('Apply_to_each')?['ID']",""]}},"type":"If"}},"runAfter":{"List_rows_present_in_a_table":["Succeeded"]},"type":"Foreach"},"Compose":{"runAfter":{"Apply_to_each":["Succeeded"]},"type":"Compose","inputs":"@variables('IDvar')"},"Compose_3":{"runAfter":{"Compose":["Succeeded"]},"type":"Compose","inputs":"@last(variables('IDvar'))"},"Compose_4":{"runAfter":{"Compose_3":["Succeeded"]},"type":"Compose","inputs":"@float(outputs('Compose_3'))"},"Get_a_row":{"runAfter":{"Compose_4":["Succeeded"]},"metadata":{"01IXA6DK2MRLU4ZP5TGNALS2AFVOB3Z6QX":"/version6.xlsx","tableId":"{86E1B199-EDFD-4DE2-9AC7-BCFAC2C9A4C2}","01IXA6DK4MXYHRF5DUOZAL72KFK6OIEL57":"/version7.xlsx","01IXA6DK2ZLTDW6APYYZHKPNL6XRXLDE7Y":"/Final form.xlsx"},"type":"OpenApiConnection","inputs":{"host":{"connectionName":"shared_excelonlinebusiness","operationId":"GetItem","apiId":"/providers/Microsoft.PowerApps/apis/shared_excelonlinebusiness"},"parameters":{"source":"me","drive":"b!d8sG4H_CzEeRxn3zSn1ziddb67T3uSdDqlrDAoNWJAB23-Oh2T-4QLZkBrodfaHt","file":"01IXA6DK2ZLTDW6APYYZHKPNL6XRXLDE7Y","table":"{86E1B199-EDFD-4DE2-9AC7-BCFAC2C9A4C2}","idColumn":"ID","id":"@outputs('Compose_4')"},"authentication":"@parameters('$authentication')"}},"Return_value(s)_to_Power_Virtual_Agents":{"runAfter":{"Compose_6":["Succeeded"]},"type":"Response","kind":"VirtualAgent","inputs":{"statusCode":200,"body":{"meetingtime":"@{outputs('Compose_6')}","date_of_interview":"@variables('date in calendar format')","email_of_the_interviewer":"@outputs('Get_a_row')?['body/Enter the email address of the interviewer']","email_of_hr":"@outputs('Get_a_row')?['body/Email']"},"schema":{"type":"object","properties":{"meetingtime":{"title":"meetingtime","x-ms-dynamically-added":true,"type":"string"},"date_of_interview":{"title":"date of interview","x-ms-dynamically-added":true,"type":"string"},"email_of_the_interviewer":{"title":"email of the interviewer","x-ms-dynamically-added":true,"type":"string"},"email_of_hr":{"title":"email of hr","x-ms-dynamically-added":true,"type":"string"}}}}},"List_rows_present_in_a_table_2":{"runAfter":{"Initialize_variable_2":["Succeeded"]},"metadata":{"01IXA6DKYDFQK4HZX62JEIWWFNQA2DG2PU":"/Hiring Manager Calendard56770b (1).xlsx","tableId":"{B30785C4-AB02-4B13-BB69-48F64CE77849}"},"type":"OpenApiConnection","inputs":{"host":{"connectionName":"shared_excelonlinebusiness","operationId":"GetItems","apiId":"/providers/Microsoft.PowerApps/apis/shared_excelonlinebusiness"},"parameters":{"source":"me","drive":"b!d8sG4H_CzEeRxn3zSn1ziddb67T3uSdDqlrDAoNWJAB23-Oh2T-4QLZkBrodfaHt","file":"01IXA6DKYDFQK4HZX62JEIWWFNQA2DG2PU","table":"{B30785C4-AB02-4B13-BB69-48F64CE77849}"},"authentication":"@parameters('$authentication')"}},"datt":{"runAfter":{"Get_a_row":["Succeeded"]},"type":"Compose","inputs":"@outputs('Get_a_row')?['body/Enter preferred date of the interview']"},"Compose_7":{"runAfter":{"datt":["Succeeded"]},"type":"Compose","inputs":"@addDays('1899-12-30',int(outputs('datt')),'dd-MM-yyyy')"},"datestring":{"runAfter":{"Compose_7":["Succeeded"]},"type":"Compose","inputs":"@string(outputs('Compose_7'))"},"Initialize_variable_2":{"runAfter":{"datestring":["Succeeded"]},"type":"InitializeVariable","inputs":{"variables":[{"name":"date in calendar format","type":"string","value":"@{substring(outputs('datestring'), 0, 2)}/@{substring(outputs('datestring'), 3, 2)}/@{substring(outputs('datestring'), 6, 4)}"}]}},"Apply_to_each_2":{"foreach":"@outputs('List_rows_present_in_a_table_2')?['body/value']","actions":{"Condition_2":{"actions":{"calendar_view":{"runAfter":{},"type":"Compose","inputs":"@{items('Apply_to_each_2')?['Start']} - @{items('Apply_to_each_2')?['End']}"},"Append_to_string_variable":{"runAfter":{"calendar_view":["Succeeded"]},"type":"AppendToStringVariable","inputs":{"name":"outpp","value":"[@{substring(outputs('calendar_view'),15,8)}@{substring(outputs('calendar_view'),38,5)}]-"}}},"runAfter":{},"else":{"actions":{"Compose_2":{"runAfter":{},"type":"Compose","inputs":"you do not have any meetings for this day."}}},"expression":{"contains":["@items('Apply_to_each_2')?['Start']","@variables('date in calendar format')"]},"type":"If"}},"runAfter":{"outp":["Succeeded"]},"type":"Foreach"},"outp":{"runAfter":{"List_rows_present_in_a_table_2":["Succeeded"]},"type":"InitializeVariable","inputs":{"variables":[{"name":"outpp","type":"string","value":"-"}]}},"Compose_6":{"runAfter":{"Apply_to_each_2":["Succeeded"]},"type":"Compose","inputs":"@variables('outpp')"}},"outputs":{}},"connectionReferences":{"shared_excelonlinebusiness":{"connectionName":"shared-excelonlinebu-385c09aa-fb9d-4024-af7f-d719-d4f574d7","source":"Embedded","id":"/providers/Microsoft.PowerApps/apis/shared_excelonlinebusiness","tier":"NotSpecified"}},"flowFailureAlertSubscribed":false}}